Land-Kz (VGA114);von Plz (VGW364);bis Plz (VGW365);Vorgabe Relation (VGE321)
AD;A;999999999;ES01
AD;A;999999999;ES01
AL;A;999999999;AL20
AL;A;999999999;AL20
AT;A;9999;AT01
AT;A;9999;AT91
AT;1000;3999;AT02
AT;4000;5999;AT01
AT;6000;6999;AT01
AT;7000;7499;AT02
AT;7500;8899;AT03
AT;8900;8999;AT01
AT;9000;9999;AT03
AZ;A;999999;AZ99
BA;A;999999;SI01
BA;A;999999;SI01
BA;A;999999;SI91
BE;000A;9999;BE28
BE;000A;9999;BE03
BE;000A;9999;BE91
BG;A;999999;BG01
BG;A;999999;AT02
BG;A;999999;BG91
BY;A;999999;BY99
CH;1000;5299;CH01
CH;1000;5299;CH91
CH;1000;5299;CH01
CH;5300;5699;CH01
CH;5300;5699;CH91
CH;5300;5699;CH01
CH;5700;5799;CH01
CH;5700;5799;CH91
CH;5700;5799;CH01
CH;6000;6099;CH01
CH;6000;6099;CH91
CH;6000;6099;CH01
CH;6100;6299;CH01
CH;6100;6299;CH91
CH;6100;6299;CH01
CH;6300;6499;CH01
CH;6300;6499;CH91
CH;6300;6499;CH01
CH;6500;6999;CH01
CH;6500;6999;CH91
CH;6500;6999;CH01
CH;7000;9699;CH01
CH;7000;9699;CH91
CH;7000;9699;CH01
CY;A;999999999;GR01
CY;A;999999999;GR01
CZ;A;999999;CZ01
CZ;A;999999;CZ01
CZ;A;999999;CZ91
DE;01000;01066;A090
DE;01067;01999;A010
DE;02000;02999;A010
DE;03042;03099;A100
DE;03103;03103;A010
DE;03116;03116;A100
DE;03119;03139;A010
DE;03149;03149;A100
DE;03159;03159;A010
DE;03172;03229;A100
DE;03238;03238;A010
DE;03246;03246;A100
DE;03249;03253;A010
DE;04103;04462;A060
DE;04463;04463;A060
DE;04464;04538;A060
DE;04539;04579;A060
DE;04600;04657;A090
DE;04658;04667;A060
DE;04668;04668;A060
DE;04669;04680;A090
DE;04681;04682;A060
DE;04683;04683;A060
DE;04684;04688;A060
DE;04689;04749;A090
DE;04750;04758;A060
DE;04759;04769;A090
DE;04770;04895;A060
DE;04910;04910;A010
DE;04911;04916;A060
DE;04917;04923;A090
DE;04924;04934;A010
DE;04935;04935;A090
DE;04936;06294;A060
DE;06295;06313;A380
DE;06314;06332;A060
DE;06333;06348;A380
DE;06349;06365;A060
DE;06366;06388;A380
DE;06389;06578;A380
DE;06579;06928;A060
DE;06929;07407;A950
DE;07408;07429;A990
DE;07430;07616;A950
DE;07617;07619;A990
DE;07620;07646;A950
DE;07647;07778;A990
DE;07779;07989;A950
DE;07990;08147;A090
DE;08148;08269;A090
DE;08270;08359;A090
DE;08360;08392;A090
DE;08393;08393;A090
DE;08394;08499;A090
DE;08500;08648;A950
DE;08649;09669;A090
DE;09670;14199;A100
DE;14200;14974;A100
DE;14975;16359;A100
DE;16360;16767;A100
DE;16768;16774;A180
DE;16775;16868;A100
DE;16869;19245;A180
DE;19247;19257;A180
DE;19259;19417;A180
DE;21757;21786;A260
DE;21788;21789;A260
DE;23623;23826;A240
DE;23629;23815;A240
DE;23818;23829;A240
DE;23923;23999;A180
DE;24103;24539;A240
DE;24576;24628;A240
DE;24631;24631;A240
DE;24634;24640;A240
DE;24644;24999;A240
DE;25524;25999;A240
DE;26121;26969;A260
DE;26970;27242;A490
DE;27243;27243;A260
DE;27244;27259;A490
DE;27283;27283;A300
DE;27299;27305;A260
DE;27308;27318;A300
DE;27321;27321;A260
DE;27324;27324;A300
DE;27327;27327;A260
DE;27330;27336;A300
DE;27337;27373;A260
DE;27374;27374;A300
DE;27375;27386;A260
DE;27404;27412;A260
DE;27432;27446;A260
DE;27472;28879;A260
DE;28880;29399;A300
DE;29400;29416;A380
DE;29439;31868;A300
DE;31869;32289;A330
DE;32290;32369;A490
DE;32370;32839;A330
DE;32840;33039;A340
DE;33040;33829;A330
DE;33830;34639;A340
DE;34640;35043;A350
DE;35044;35066;A340
DE;35067;35085;A350
DE;35086;35088;A340
DE;35089;35096;A350
DE;35097;35099;A340
DE;35100;35102;A350
DE;35103;35110;A340
DE;35111;35112;A350
DE;35113;35116;A340
DE;35117;35117;A350
DE;35118;35119;A340
DE;35120;35239;A350
DE;35240;35288;A340
DE;35289;35799;A350
DE;35800;36169;A970
DE;36170;36289;A340
DE;36290;36369;A970
DE;36370;36399;A630
DE;36400;36419;A970
DE;36433;36448;A990
DE;36452;36452;A970
DE;36456;36469;A990
DE;36470;37603;A340
DE;37604;37620;A300
DE;37621;37627;A340
DE;37628;37635;A300
DE;37636;37639;A340
DE;37640;37649;A300
DE;37650;37699;A340
DE;37700;38126;A300
DE;38154;38154;A380
DE;38159;38165;A300
DE;38170;38173;A380
DE;38176;38275;A300
DE;38277;38279;A380
DE;38300;38304;A300
DE;38312;38388;A380
DE;38440;38448;A300
DE;38458;38467;A380
DE;38468;38468;A300
DE;38470;38474;A380
DE;38476;38479;A300
DE;38480;38489;A380
DE;38490;38559;A300
DE;38560;38639;A340
DE;38640;38729;A380
DE;38730;39649;A380
DE;39650;40699;A470
DE;40700;40720;A470
DE;40721;40724;A470
DE;40725;40789;A470
DE;40790;41849;A470
DE;42103;42548;A580
DE;42549;42579;A401
DE;42580;42929;A580
DE;42930;44134;A440
DE;44135;44269;A440
DE;44270;44289;A580
DE;44290;45359;A440
DE;45360;45481;A470
DE;45482;45739;A440
DE;45740;45772;A460
DE;45773;45899;A440
DE;45900;46569;A460
DE;46570;47475;A470
DE;47476;47495;A460
DE;47496;47509;A470
DE;47510;47589;A460
DE;47590;47661;A470
DE;47662;47665;A460
DE;47666;47929;A470
DE;47930;48629;A490
DE;48630;48739;A460
DE;48740;49638;A490
DE;49639;49779;A260
DE;49780;49849;A490
DE;50126;51149;A529
DE;51368;51369;A529
DE;51371;51372;A401
DE;51373;51373;A529
DE;51374;51380;A401
DE;51381;51381;A529
DE;51382;51426;A401
DE;51427;51427;A529
DE;51428;51490;A401
DE;51491;51519;A401
DE;51545;51674;A350
DE;51688;51688;A580
DE;51702;51702;A350
DE;51709;51789;A580
DE;52062;52538;A529
DE;53111;53720;A560
DE;53721;53721;A529
DE;53722;53796;A560
DE;53797;53797;A529
DE;53804;53819;A401
DE;53840;53859;A529
DE;53860;53881;A560
DE;53894;53894;A529
DE;53902;53902;A560
DE;53909;53949;A529
DE;53950;54498;A660
DE;54499;54689;A560
DE;55116;55413;A550
DE;55414;55422;A560
DE;55424;55424;A550
DE;55425;55432;A560
DE;55435;55437;A550
DE;55438;55444;A560
DE;55450;55459;A550
DE;55460;55499;A560
DE;55543;55599;A550
DE;55600;55629;A560
DE;55630;55779;A660
DE;55780;56428;A560
DE;56429;56479;A350
DE;56480;56869;A560
DE;56870;57399;A350
DE;57400;57439;A440
DE;57413;57439;A580
DE;57440;57627;A350
DE;57628;57648;A560
DE;57649;58088;A440
DE;58089;58300;A580
DE;58301;58313;A440
DE;58314;58339;A580
DE;58340;58456;A440
DE;58457;58849;A580
DE;58850;59229;A440
DE;59230;59329;A330
DE;59330;59399;A440
DE;59400;59505;A580
DE;59506;59514;A440
DE;59515;59519;A580
DE;59520;59609;A330
DE;59755;59889;A580
DE;59890;59969;A340
DE;60308;61479;A550
DE;61480;63179;A630
DE;63180;63449;A550
DE;63450;63939;A630
DE;63486;63505;A630
DE;63506;63511;A630
DE;63512;63512;A550
DE;63517;63939;A630
DE;64283;64331;A550
DE;64342;64342;A630
DE;64347;64347;A550
DE;64354;64385;A630
DE;64390;64390;A550
DE;64395;64409;A630
DE;64521;64589;A550
DE;64590;64689;A680
DE;64690;64859;A630
DE;65183;65529;A550
DE;65530;65556;A560
DE;65557;65558;A350
DE;65559;65599;A560
DE;65600;65629;A350
DE;65719;65936;A550
DE;65937;66999;A660
DE;67000;67353;A680
DE;67354;67361;A760
DE;67362;67364;A680
DE;67365;67377;A680
DE;67378;67481;A680
DE;67482;67482;A760
DE;67483;67599;A680
DE;67600;67759;A660
DE;67760;68752;A680
DE;68753;68753;A760
DE;68754;69793;A680
DE;68794;68794;A760
DE;68795;69518;A680
DE;69519;71115;A729
DE;71116;71116;A729
DE;71117;71579;A729
DE;71580;71696;A729
DE;71701;71729;A729
DE;71732;72069;A729
DE;72070;72076;A729
DE;72108;72108;A729
DE;72116;72116;A729
DE;72117;72127;A729
DE;72131;72131;A729
DE;72132;72144;A729
DE;72145;72145;A729
DE;72146;72147;A729
DE;72149;72149;A729
DE;72160;72172;A780
DE;72175;72178;A780
DE;72179;72189;A780
DE;72202;72202;A729
DE;72213;72229;A729
DE;72250;72299;A780
DE;72300;72335;A780
DE;72336;72479;A780
DE;72488;72488;A880
DE;72501;72501;A890
DE;72505;72510;A880
DE;72511;72513;A890
DE;72514;72514;A880
DE;72516;72516;A890
DE;72517;72517;A880
DE;72519;72519;A890
DE;72520;72539;A890
DE;72540;72585;A729
DE;72586;72589;A729
DE;72590;72759;A729
DE;72760;72813;A729
DE;72814;72820;A729
DE;72821;73037;A729
DE;73038;73054;A729
DE;73055;73066;A729
DE;73072;73115;A729
DE;73116;73230;A729
DE;73231;73235;A729
DE;73236;73239;A729
DE;73240;73278;A729
DE;73279;73429;A890
DE;73430;73499;A730
DE;73500;73539;A729
DE;73540;73540;A729
DE;73547;73557;A729
DE;73560;73613;A729
DE;73614;73649;A729
DE;73650;73650;A729
DE;73651;73779;A729
DE;74072;74211;A729
DE;74214;74219;A730
DE;74223;74235;A729
DE;74238;74239;A730
DE;74243;74248;A729
DE;74249;74249;A730
DE;74251;74254;A729
DE;74255;74255;A730
DE;74257;74257;A729
DE;74259;74259;A730
DE;74321;74549;A729
DE;74564;74599;A730
DE;74613;74653;A729
DE;74670;74679;A730
DE;74706;74706;A971
DE;74707;74721;A630
DE;74722;74722;A971
DE;74723;74730;A971
DE;74731;74735;A630
DE;74736;74736;A971
DE;74740;74799;A971
DE;74800;74939;A680
DE;74940;75014;A700
DE;75015;75015;A729
DE;75016;75038;A700
DE;75039;75045;A760
DE;75046;75050;A729
DE;75051;75053;A760
DE;75054;75176;A729
DE;75177;75177;A729
DE;75178;75180;A729
DE;75181;75181;A729
DE;75182;75216;A729
DE;75217;75233;A729
DE;75234;75338;A700
DE;75239;75249;A729
DE;75305;75305;A760
DE;75306;75323;A760
DE;75324;75331;A760
DE;75332;75333;A760
DE;75334;75334;A700
DE;75335;75339;A760
DE;75340;75449;A729
DE;75450;76130;A770
DE;76131;76316;A760
DE;76317;76326;A700
DE;76327;76327;A760
DE;76328;76332;A760
DE;76333;76336;A770
DE;76337;76359;A760
DE;76360;76436;A760
DE;76437;76437;A770
DE;76438;76470;A760
DE;76471;76473;A760
DE;76474;76479;A760
DE;76480;76549;A760
DE;76550;76599;A760
DE;76600;76899;A760
DE;76900;77978;A770
DE;78048;78554;A780
DE;78559;78570;A780
DE;78573;78576;A780
DE;78579;78580;A780
DE;78582;78582;A780
DE;78583;78586;A780
DE;78588;78591;A780
DE;78592;78592;A780
DE;78594;78595;A780
DE;78597;78603;A780
DE;78604;78739;A780
DE;78740;79215;A770
DE;79098;79215;A790
DE;79216;79223;A790
DE;79224;79241;A790
DE;79242;79248;A790
DE;79249;79262;A790
DE;79263;79263;A790
DE;79264;79268;A790
DE;79269;79275;A790
DE;79276;79280;A790
DE;79281;79282;A790
DE;79283;79294;A790
DE;79295;79349;A790
DE;79350;79369;A790
DE;79370;79539;A790
DE;79540;79576;A790
DE;79577;79588;A790
DE;79589;79591;A790
DE;79592;79712;A790
DE;79713;79713;A790
DE;79714;79739;A790
DE;79761;79809;A780
DE;79822;79822;A790
DE;79837;79853;A780
DE;79856;79856;A790
DE;79859;79865;A780
DE;79868;79868;A790
DE;79871;79871;A780
DE;79872;79874;A790
DE;79875;79879;A780
DE;79880;83100;A853
DE;83101;83139;A853
DE;83140;83199;A853
DE;83200;83499;A833
DE;83500;83739;A853
DE;84028;84389;A940
DE;84390;84439;A853
DE;84453;84579;A940
DE;84580;85139;A860
DE;85140;85778;A853
DE;85779;86989;A860
DE;86990;87569;A870
DE;87570;87600;A860
DE;87601;87616;A870
DE;87617;87629;A860
DE;87630;87637;A870
DE;87638;87645;A860
DE;87646;87648;A870
DE;87649;87650;A860
DE;87651;87654;A870
DE;87655;87656;A860
DE;87657;87660;A870
DE;87661;87662;A860
DE;87663;87663;A870
DE;87664;87668;A860
DE;87669;87675;A870
DE;87676;87679;A860
DE;87680;87700;A870
DE;87701;87719;A860
DE;87720;87724;A870
DE;87725;87727;A890
DE;87728;87736;A870
DE;87737;87737;A890
DE;87738;87739;A860
DE;87740;87740;A870
DE;87741;87742;A860
DE;87743;87743;A890
DE;87744;87745;A860
DE;87746;87746;A870
DE;87747;87748;A890
DE;87749;87751;A870
DE;87752;87752;A870
DE;87753;87754;A870
DE;87755;87757;A860
DE;87758;87766;A870
DE;87767;87767;A890
DE;87768;87772;A860
DE;87773;87773;A890
DE;87774;87775;A860
DE;87776;87778;A870
DE;87779;87779;A870
DE;87780;87784;A870
DE;87785;87785;A890
DE;87786;87789;A870
DE;87790;88289;A880
DE;88290;88319;A870
DE;88320;88379;A880
DE;88380;88400;A890
DE;88401;88410;A880
DE;88411;88529;A890
DE;88530;88604;A880
DE;88605;88719;A880
DE;88720;89312;A890
DE;89313;89331;A860
DE;89332;89340;A890
DE;89341;89344;A860
DE;89345;89347;A890
DE;89348;89350;A860
DE;89351;89352;A890
DE;89353;89358;A860
DE;89359;89359;A890
DE;89360;89365;A860
DE;89366;89367;A890
DE;89368;89447;A860
DE;89448;89619;A890
DE;89620;91369;A900
DE;91413;91489;A900
DE;91522;91749;A730
DE;91750;91999;A860
DE;92000;92369;A900
DE;92421;92559;A940
DE;92560;92729;A950
DE;92730;94029;A940
DE;93047;94579;A940
DE;94580;95709;A950
DE;95710;96103;A900
DE;96104;96106;A970
DE;96107;96123;A900
DE;96124;96126;A970
DE;96127;96142;A900
DE;96143;96145;A970
DE;96146;96146;A900
DE;96147;96148;A970
DE;96149;96149;A900
DE;96150;96151;A970
DE;96152;96160;A900
DE;96161;96161;A970
DE;96162;96164;A900
DE;96165;96166;A970
DE;96167;96167;A900
DE;96168;96169;A970
DE;96170;96175;A900
DE;96176;96176;A970
DE;96177;96178;A900
DE;96179;96184;A970
DE;96185;96187;A900
DE;96188;96190;A970
DE;96191;96197;A900
DE;96198;96199;A970
DE;96200;96529;A950
DE;96530;97069;A970
DE;97070;97359;A971
DE;97421;97799;A970
DE;97800;97909;A630
DE;97910;97999;A971
DE;98000;98599;A990
DE;98600;98663;A970
DE;98664;99638;A990
DE;99639;99705;A340
DE;99706;99718;A990
DE;99719;99733;A340
DE;99734;99768;A380
DE;99769;99816;A340
DE;99817;99998;A990
DE;99999;99999;A340
DK;1000;4999;DK02
DK;1000;4999;DK92
DK;1000;4999;DK02
DK;5000;9999;DK01
DK;5000;9999;DK91
DK;5000;9999;DK01
EE;A;999999;EE01
EE;A;999999;EE01
EE;A;999999;EE91
ES;01000;01999;ES03
ES;01000;01999;ES92
ES;01000;01999;ES03
ES;02000;02999;ES01
ES;02000;02999;ES91
ES;02000;02999;ES01
ES;03000;03999;ES01
ES;03000;03999;ES91
ES;03000;03999;ES01
ES;04000;06999;ES02
ES;04000;06999;ES92
ES;04000;06999;ES02
ES;07000;08999;ES01
ES;07000;08999;ES91
ES;07000;08999;ES01
ES;09000;09999;ES03
ES;09000;09999;ES91
ES;09000;09999;ES03
ES;10000;11999;ES02
ES;10000;11999;ES92
ES;10000;11999;ES02
ES;12000;12999;ES01
ES;12000;12999;ES91
ES;12000;12999;ES01
ES;13000;14999;ES02
ES;13000;14999;ES02
ES;13000;16999;ES92
ES;15000;15999;ES03
ES;15000;15999;ES02
ES;16000;16999;ES02
ES;17000;17999;ES01
ES;17000;17999;ES91
ES;17000;17999;ES01
ES;18000;19999;ES02
ES;18000;19999;ES92
ES;18000;19999;ES02
ES;20000;20999;ES03
ES;20000;20999;ES92
ES;20000;20999;ES03
ES;21000;21999;ES02
ES;21000;21999;ES92
ES;21000;21999;ES02
ES;22000;22999;ES02
ES;22000;22999;ES92
ES;22000;22999;ES02
ES;23000;23999;ES02
ES;23000;23999;ES92
ES;23000;23999;ES02
ES;24000;24999;ES03
ES;24000;24999;ES92
ES;24000;24999;ES03
ES;25000;25999;ES01
ES;25000;25999;ES91
ES;25000;25999;ES01
ES;26000;26999;ES03
ES;26000;26999;ES92
ES;26000;26999;ES03
ES;27000;27999;ES03
ES;27000;27999;ES03
ES;27000;29999;ES92
ES;28000;29999;ES02
ES;28000;29999;ES02
ES;30000;30999;ES01
ES;30000;30999;ES91
ES;30000;30999;ES01
ES;31000;31999;ES03
ES;31000;31999;ES92
ES;31000;31999;ES03
ES;32000;32999;ES03
ES;32000;32999;ES92
ES;32000;32999;ES03
ES;33000;34999;ES03
ES;33000;34999;ES92
ES;33000;34999;ES03
ES;35000;35999;ES01
ES;35000;35999;ES91
ES;35000;35999;ES01
ES;36000;36999;ES03
ES;36000;37999;ES92
ES;36000;37999;ES03
ES;37000;37999;ES02
ES;38000;38999;ES01
ES;38000;38999;ES91
ES;38000;38999;ES01
ES;39000;39999;ES03
ES;39000;39999;ES92
ES;39000;39999;ES03
ES;40000;41999;ES02
ES;40000;41999;ES92
ES;40000;41999;ES02
ES;42000;42999;ES02
ES;42000;42999;ES92
ES;42000;42999;ES02
ES;43000;44999;ES01
ES;43000;44999;ES91
ES;43000;44999;ES01
ES;45000;45999;ES02
ES;45000;45999;ES92
ES;45000;45999;ES02
ES;46000;46999;ES01
ES;46000;46999;ES91
ES;46000;46999;ES01
ES;47000;47999;ES02
ES;47000;47999;ES92
ES;47000;47999;ES02
ES;48000;48999;ES03
ES;48000;48999;ES92
ES;48000;48999;ES03
ES;49000;49999;ES02
ES;49000;49999;ES92
ES;49000;49999;ES02
ES;50000;50999;ES01
ES;50000;50999;ES91
ES;50000;50999;ES01
FI;0000A;99999;FI01
FI;0000A;99999;FI01
FI;0000A;99999;FI91
FL;A;999999999;CH01
FL;A;999999999;CH61
FL;A;999999999;CH01
FR;01000;01999;FR02
FR;01000;01999;FR9D
FR;01000;01999;FR02
FR;02000;02999;FR03
FR;02000;02999;FR9C
FR;02000;02999;FR03
FR;03000;03999;FR02
FR;03000;03999;FR9A
FR;03000;03999;FR02
FR;04000;04999;FR02
FR;04000;04999;FR02
FR;04000;07999;FR9D
FR;05000;05999;FR02
FR;05000;05999;FR02
FR;06000;06999;FR02
FR;06000;06999;FR02
FR;07000;07999;FR02
FR;07000;07999;FR02
FR;08000;08999;FR03
FR;08000;08999;FR9C
FR;08000;08999;FR03
FR;09000;09999;FR02
FR;09000;09999;FR02
FR;09000;24999;FR9A
FR;10000;10999;FR01
FR;10000;10999;FR01
FR;11000;11999;FR02
FR;11000;11999;FR02
FR;12000;12999;FR02
FR;12000;12999;FR02
FR;13000;13999;FR02
FR;13000;13999;FR02
FR;14000;14999;FR01
FR;14000;14999;FR01
FR;15000;15999;FR02
FR;15000;15999;FR02
FR;16000;16999;FR01
FR;16000;16999;FR01
FR;17000;17999;FR01
FR;17000;17999;FR01
FR;18000;18999;FR01
FR;18000;18999;FR01
FR;19000;19999;FR02
FR;19000;19999;FR02
FR;20000;20999;FR02
FR;20000;20999;FR02
FR;21000;21999;FR02
FR;21000;21999;FR04
FR;22000;22999;FR01
FR;22000;22999;FR01
FR;23000;23999;FR02
FR;23000;23999;FR02
FR;24000;24999;FR02
FR;24000;24999;FR02
FR;25000;25999;FR04
FR;25000;25999;FR04
FR;25000;26999;FR9D
FR;26000;26999;FR02
FR;26000;26999;FR02
FR;27000;27999;FR01
FR;27000;27999;FR01
FR;27000;29999;FR9A
FR;28000;28999;FR01
FR;28000;28999;FR01
FR;29000;29999;FR01
FR;29000;29999;FR01
FR;30000;30999;FR02
FR;30000;30999;FR9D
FR;30000;30999;FR02
FR;31000;31999;FR02
FR;31000;31999;FR02
FR;31000;38999;FR9A
FR;32000;32999;FR02
FR;32000;32999;FR02
FR;33000;33999;FR02
FR;33000;33999;FR02
FR;34000;34999;FR02
FR;34000;34999;FR02
FR;35000;35999;FR01
FR;35000;35999;FR01
FR;36000;36999;FR01
FR;36000;36999;FR01
FR;37000;37999;FR01
FR;37000;37999;FR01
FR;38000;38999;FR02
FR;38000;38999;FR02
FR;39000;39999;FR02
FR;39000;39999;FR9D
FR;39000;39999;FR04
FR;40000;40999;FR02
FR;40000;40999;FR02
FR;40000;41999;FR9A
FR;41000;41999;FR01
FR;41000;41999;FR01
FR;42000;42999;FR02
FR;42000;42999;FR9D
FR;42000;42999;FR02
FR;43000;43999;FR02
FR;43000;43999;FR02
FR;43000;51999;FR9A
FR;44000;44999;FR01
FR;44000;44999;FR01
FR;45000;45999;FR01
FR;45000;45999;FR01
FR;46000;46999;FR02
FR;46000;46999;FR02
FR;47000;47999;FR02
FR;47000;47999;FR02
FR;48000;48999;FR02
FR;48000;48999;FR02
FR;49000;49999;FR01
FR;49000;49999;FR01
FR;50000;50999;FR01
FR;50000;50999;FR01
FR;51000;51999;FR01
FR;51000;51999;FR01
FR;52000;52999;FR04
FR;52000;52999;FR9D
FR;52000;52999;FR04
FR;53000;53999;FR01
FR;53000;53999;FR9A
FR;53000;53999;FR01
FR;54000;54999;FR04
FR;54000;54999;FR9D
FR;54000;54999;FR04
FR;55000;55999;FR04
FR;55000;55999;FR9D
FR;55000;55999;FR04
FR;56000;56999;FR01
FR;56000;56999;FR9A
FR;56000;56999;FR01
FR;57000;57149;FR04
FR;57000;57999;FR9D
FR;57000;57999;FR04
FR;57150;57150;A660
FR;57151;57999;FR04
FR;58000;58999;FR01
FR;58000;58999;FR9A
FR;58000;58999;FR01
FR;59000;59999;FR03
FR;59000;59999;FR9C
FR;59000;59999;FR03
FR;60000;60999;FR03
FR;60000;60999;FR01
FR;60000;61999;FR9A
FR;61000;61999;FR01
FR;61000;61999;FR01
FR;62000;62999;FR03
FR;62000;62999;FR9C
FR;62000;62999;FR03
FR;63000;63999;FR02
FR;63000;63999;FR02
FR;63000;65999;FR9A
FR;64000;64999;FR02
FR;64000;64999;FR02
FR;65000;65999;FR02
FR;65000;65999;FR02
FR;66000;66999;FR02
FR;66000;66999;FR9D
FR;66000;66999;FR02
FR;67000;67999;FR04
FR;67000;67999;FR04
FR;67000;68999;FR9D
FR;68000;68999;FR04
FR;68000;68999;FR04
FR;69000;69999;FR02
FR;69000;69999;FR9A
FR;69000;69999;FR02
FR;70000;70999;FR04
FR;70000;70999;FR04
FR;70000;71999;FR9D
FR;71000;71999;FR02
FR;71000;71999;FR02
FR;72000;72999;FR01
FR;72000;72999;FR9A
FR;72000;72999;FR01
FR;73000;73999;FR02
FR;73000;73999;FR02
FR;73000;74999;FR9D
FR;74000;74999;FR02
FR;74000;74999;FR02
FR;75000;75999;FR01
FR;75000;75999;FR01
FR;75000;79999;FR9A
FR;76000;76999;FR01
FR;76000;76999;FR01
FR;77000;77999;FR01
FR;77000;77999;FR01
FR;78000;78999;FR01
FR;78000;78999;FR01
FR;79000;79999;FR01
FR;79000;79999;FR01
FR;80000;80999;FR03
FR;80000;80999;FR9C
FR;80000;80999;FR03
FR;81000;81999;FR02
FR;81000;81999;FR02
FR;81000;82999;FR9A
FR;82000;82999;FR02
FR;82000;82999;FR02
FR;83000;83999;FR02
FR;83000;83999;FR02
FR;83000;84999;FR9D
FR;84000;84999;FR02
FR;84000;84999;FR02
FR;85000;85999;FR01
FR;85000;85999;FR01
FR;85000;87999;FR9A
FR;86000;86999;FR01
FR;86000;86999;FR01
FR;87000;87999;FR02
FR;87000;87999;FR02
FR;88000;88999;FR04
FR;88000;88999;FR9D
FR;88000;88999;FR04
FR;89000;89999;FR01
FR;89000;89999;FR9A
FR;89000;89999;FR01
FR;90000;90999;FR04
FR;90000;90999;FR9D
FR;90000;90999;FR04
FR;91000;91999;FR01
FR;91000;91999;FR01
FR;91000;95999;FR9A
FR;92000;92999;FR01
FR;92000;92999;FR01
FR;93000;93999;FR01
FR;93000;93999;FR01
FR;94000;94999;FR01
FR;94000;94999;FR01
FR;95000;95999;FR01
FR;95000;95999;FR01
FR;96000;96999;FR02
FR;96000;96999;FR02
FR;97000;97999;FR02
FR;97000;97999;FR02
FR;98000;98999;FR02
FR;98000;98999;FR02
GB;AB;AB9999999;GB08
GB;AB;AB9999999;GB91
GB;AB;AB9999999;GB08
GB;AL;AL9999999;GB08
GB;AL;AL9999999;GB91
GB;AL;AL9999999;GB08
GB;B;B 9999999;GB91
GB;B;B99999999;GB08
GB;B;B99999999;GB08
GB;BA;BA9999999;GB07
GB;BA;BA9999999;GB91
GB;BA;BA9999999;GB07
GB;BB;BB9999999;GB08
GB;BB;BB9999999;GB91
GB;BB;BB9999999;GB08
GB;BD;BD9999999;GB08
GB;BD;BD9999999;GB91
GB;BD;BD9999999;GB08
GB;BH;BH9999999;GB07
GB;BH;BH9999999;GB91
GB;BH;BH9999999;GB07
GB;BL;BL9999999;GB08
GB;BL;BL9999999;GB91
GB;BL;BL9999999;GB08
GB;BN;BN9999999;GB07
GB;BN;BN9999999;GB92
GB;BN;BN9999999;GB07
GB;BR;BR9999999;GB07
GB;BR;BR9999999;GB92
GB;BR;BR9999999;GB07
GB;BS;BS9999999;GB07
GB;BS;BS9999999;GB91
GB;BS;BS9999999;GB07
GB;BT;BT9999999;GB08
GB;BT;BT9999999;GB91
GB;BT;BT9999999;GB08
GB;B1;B19999999;GB91
GB;B1;B99999999;GB08
GB;B1;B99999999;GB08
GB;B2;B29999999;GB08
GB;B2;B29999999;GB91
GB;B3;B39999999;GB08
GB;B3;B39999999;GB91
GB;B4;B49999999;GB08
GB;B4;B49999999;GB91
GB;B5;B59999999;GB08
GB;B5;B59999999;GB91
GB;B6;B69999999;GB08
GB;B6;B69999999;GB91
GB;B7;B79999999;GB08
GB;B7;B79999999;GB91
GB;B8;B89999999;GB08
GB;B8;B89999999;GB91
GB;B9;B99999999;GB08
GB;B9;B99999999;GB91
GB;CA;CA9999999;GB08
GB;CA;CA9999999;GB91
GB;CA;CA9999999;GB08
GB;CB;CB9999999;GB07
GB;CB;CB9999999;GB92
GB;CB;CB9999999;GB07
GB;CF;CF9999999;GB07
GB;CF;CF9999999;GB91
GB;CF;CF9999999;GB07
GB;CH;CH9999999;GB08
GB;CH;CH9999999;GB91
GB;CH;CH9999999;GB08
GB;CM;CM9999999;GB07
GB;CM;CM9999999;GB92
GB;CM;CM9999999;GB07
GB;CO;CO9999999;GB07
GB;CO;CO9999999;GB92
GB;CO;CO9999999;GB07
GB;CR;CR9999999;GB07
GB;CR;CR9999999;GB92
GB;CR;CR9999999;GB07
GB;CT;CT9999999;GB07
GB;CT;CT9999999;GB92
GB;CT;CT9999999;GB07
GB;CV;CV9999999;GB08
GB;CV;CV9999999;GB91
GB;CV;CV9999999;GB08
GB;CW;CW9999999;GB08
GB;CW;CW9999999;GB91
GB;CW;CW9999999;GB08
GB;DA;DA9999999;GB07
GB;DA;DA9999999;GB92
GB;DA;DA9999999;GB07
GB;DD;DD9999999;GB08
GB;DD;DD9999999;GB91
GB;DD;DD9999999;GB08
GB;DE;DE9999999;GB08
GB;DE;DE9999999;GB91
GB;DE;DE9999999;GB08
GB;DG;DG9999999;GB08
GB;DG;DG9999999;GB91
GB;DG;DG9999999;GB08
GB;DH;DH9999999;GB08
GB;DH;DH9999999;GB91
GB;DH;DH9999999;GB08
GB;DL;DL9999999;GB08
GB;DL;DL9999999;GB91
GB;DL;DL9999999;GB08
GB;DN;DN9999999;GB08
GB;DN;DN9999999;GB91
GB;DN;DN9999999;GB08
GB;DT;DT9999999;GB07
GB;DT;DT9999999;GB91
GB;DT;DT9999999;GB07
GB;DY;DY9999999;GB08
GB;DY;DY9999999;GB91
GB;DY;DY9999999;GB08
GB;E;E 9999999;GB92
GB;E;E99999999;GB07
GB;E;E99999999;GB07
GB;EC;EC9999999;GB07
GB;EC;EC9999999;GB92
GB;EC;EC9999999;GB07
GB;EH;EH9999999;GB08
GB;EH;EH9999999;GB91
GB;EH;EH9999999;GB08
GB;EN;EN9999999;GB07
GB;EN;EN9999999;GB92
GB;EN;EN9999999;GB07
GB;EX;EX9999999;GB07
GB;EX;EX9999999;GB91
GB;EX;EX9999999;GB07
GB;E1;E19999999;GB92
GB;E1;E99999999;GB07
GB;E1;E99999999;GB07
GB;E2;E29999999;GB07
GB;E2;E29999999;GB92
GB;E3;E39999999;GB07
GB;E3;E39999999;GB92
GB;E4;E49999999;GB07
GB;E4;E49999999;GB92
GB;E5;E59999999;GB07
GB;E5;E59999999;GB92
GB;E6;E69999999;GB07
GB;E6;E69999999;GB92
GB;E7;E79999999;GB07
GB;E7;E79999999;GB92
GB;E8;E89999999;GB07
GB;E8;E89999999;GB92
GB;E9;E99999999;GB07
GB;E9;E99999999;GB92
GB;FK;FK9999999;GB08
GB;FK;FK9999999;GB91
GB;FK;FK9999999;GB08
GB;FY;FY9999999;GB08
GB;FY;FY9999999;GB91
GB;FY;FY9999999;GB08
GB;G;G 9999999;GB91
GB;G;G99999999;GB08
GB;G;G99999999;GB08
GB;GL;GL9999999;GB07
GB;GL;GL9999999;GB91
GB;GL;GL9999999;GB07
GB;GU;GU9999999;GB07
GB;GU;GU9999999;GB92
GB;GU;GU9999999;GB07
GB;GY;GY9999999;GB07
GB;GY;GY9999999;GB91
GB;GY;GY9999999;GB07
GB;G1;G99999999;GB08
GB;HA;HA9999999;GB07
GB;HA;HA9999999;GB92
GB;HA;HA9999999;GB07
GB;HD;HD9999999;GB08
GB;HD;HD9999999;GB91
GB;HD;HD9999999;GB08
GB;HG;HG9999999;GB08
GB;HG;HG9999999;GB91
GB;HG;HG9999999;GB08
GB;HP;HP9999999;GB07
GB;HP;HP9999999;GB92
GB;HP;HP9999999;GB07
GB;HR;HR9999999;GB08
GB;HR;HR9999999;GB91
GB;HR;HR9999999;GB08
GB;HS;HS9999999;GB08
GB;HS;HS9999999;GB91
GB;HS;HS9999999;GB08
GB;HU;HU9999999;GB08
GB;HU;HU9999999;GB91
GB;HU;HU9999999;GB08
GB;HX;HX9999999;GB08
GB;HX;HX9999999;GB91
GB;HX;HX9999999;GB08
GB;IC;IC9999999;GB91
GB;IG;IG9999999;GB07
GB;IG;IG9999999;GB92
GB;IG;IG9999999;GB07
GB;IM;IM9999999;GB08
GB;IM;IM9999999;GB91
GB;IM;IM9999999;GB08
GB;IP;IP9999999;GB07
GB;IP;IP9999999;GB92
GB;IP;IP9999999;GB07
GB;IV;IV9999999;GB08
GB;IV;IV9999999;GB91
GB;IV;IV9999999;GB08
GB;JE;JE9999999;GB07
GB;JE;JE9999999;GB07
GB;KA;KA9999999;GB08
GB;KA;KA9999999;GB91
GB;KA;KA9999999;GB08
GB;KT;KT9999999;GB07
GB;KT;KT9999999;GB92
GB;KT;KT9999999;GB07
GB;KW;KW9999999;GB08
GB;KW;KW9999999;GB91
GB;KW;KW9999999;GB08
GB;KY;KY9999999;GB08
GB;KY;KY9999999;GB91
GB;KY;KY9999999;GB08
GB;L;L 9999999;GB91
GB;L;L99999999;GB08
GB;L;L99999999;GB08
GB;LA;LA9999999;GB08
GB;LA;LA9999999;GB91
GB;LA;LA9999999;GB08
GB;LD;LD9999999;GB08
GB;LD;LD9999999;GB91
GB;LD;LD9999999;GB08
GB;LE;LE9999999;GB08
GB;LE;LE9999999;GB91
GB;LE;LE9999999;GB08
GB;LL;LL9999999;GB08
GB;LL;LL9999999;GB91
GB;LL;LL9999999;GB08
GB;LN;LN9999999;GB08
GB;LN;LN9999999;GB91
GB;LN;LN9999999;GB08
GB;LS;LS9999999;GB08
GB;LS;LS9999999;GB91
GB;LS;LS9999999;GB08
GB;LU;LU9999999;GB07
GB;LU;LU9999999;GB92
GB;LU;LU9999999;GB07
GB;L1;L19999999;GB91
GB;L1;L99999999;GB08
GB;L1;L99999999;GB08
GB;L2;L29999999;GB08
GB;L2;L29999999;GB91
GB;L3;L39999999;GB08
GB;L3;L39999999;GB91
GB;L4;L49999999;GB08
GB;L4;L49999999;GB91
GB;L5;L59999999;GB08
GB;L5;L59999999;GB91
GB;L6;L69999999;GB08
GB;L6;L69999999;GB91
GB;L7;L79999999;GB08
GB;L7;L79999999;GB91
GB;L8;L89999999;GB08
GB;L8;L89999999;GB91
GB;L9;L99999999;GB08
GB;L9;L99999999;GB91
GB;M;M 9999999;GB91
GB;M;M99999999;GB08
GB;M;M99999999;GB08
GB;ME;ME9999999;GB07
GB;ME;ME9999999;GB92
GB;ME;ME9999999;GB07
GB;MK;MK9999999;GB07
GB;MK;MK9999999;GB92
GB;MK;MK9999999;GB07
GB;ML;ML9999999;GB08
GB;ML;ML9999999;GB91
GB;ML;ML9999999;GB08
GB;M1;M19999999;GB91
GB;M1;M99999999;GB08
GB;M1;M99999999;GB08
GB;M2;M29999999;GB08
GB;M2;M29999999;GB91
GB;M3;M39999999;GB08
GB;M3;M39999999;GB91
GB;M4;M49999999;GB08
GB;M4;M49999999;GB91
GB;M5;M59999999;GB08
GB;M5;M59999999;GB91
GB;M6;M69999999;GB08
GB;M6;M69999999;GB91
GB;M7;M79999999;GB08
GB;M7;M79999999;GB91
GB;M8;M89999999;GB08
GB;M8;M89999999;GB91
GB;M9;M99999999;GB08
GB;M9;M99999999;GB91
GB;N;N 9999999;GB92
GB;N;N99999999;GB07
GB;N;N99999999;GB07
GB;NE;NE9999999;GB08
GB;NE;NE9999999;GB91
GB;NE;NE9999999;GB08
GB;NG;NG9999999;GB08
GB;NG;NG9999999;GB91
GB;NG;NG9999999;GB08
GB;NN;NN9999999;GB08
GB;NN;NN9999999;GB91
GB;NN;NN9999999;GB08
GB;NP;NP9999999;GB07
GB;NP;NP9999999;GB91
GB;NP;NP9999999;GB07
GB;NR;NR9999999;GB07
GB;NR;NR9999999;GB91
GB;NR;NR9999999;GB07
GB;NW;NW9999999;GB07
GB;NW;NW9999999;GB92
GB;NW;NW9999999;GB07
GB;N1;N19999999;GB92
GB;N1;N99999999;GB07
GB;N1;N99999999;GB07
GB;N2;N29999999;GB07
GB;N2;N29999999;GB92
GB;N3;N39999999;GB07
GB;N3;N39999999;GB92
GB;N4;N49999999;GB07
GB;N4;N49999999;GB92
GB;N5;N59999999;GB07
GB;N5;N59999999;GB92
GB;N6;N69999999;GB07
GB;N6;N69999999;GB92
GB;N7;N79999999;GB07
GB;N7;N79999999;GB92
GB;N8;N89999999;GB07
GB;N8;N89999999;GB92
GB;N9;N99999999;GB07
GB;N9;N99999999;GB92
GB;OL;OL9999999;GB08
GB;OL;OL9999999;GB91
GB;OL;OL9999999;GB08
GB;OX;OX9999999;GB07
GB;OX;OX9999999;GB91
GB;OX;OX9999999;GB07
GB;PA;PA9999999;GB08
GB;PA;PA9999999;GB91
GB;PA;PA9999999;GB08
GB;PE;PE9999999;GB08
GB;PE;PE9999999;GB91
GB;PE;PE9999999;GB08
GB;PH;PH9999999;GB08
GB;PH;PH9999999;GB91
GB;PH;PH9999999;GB08
GB;PL;PL9999999;GB07
GB;PL;PL9999999;GB91
GB;PL;PL9999999;GB07
GB;PO;PO9999999;GB07
GB;PO;PO9999999;GB92
GB;PO;PO9999999;GB07
GB;PR;PR9999999;GB08
GB;PR;PR9999999;GB91
GB;PR;PR9999999;GB08
GB;RG;RG9999999;GB07
GB;RG;RG9999999;GB92
GB;RG;RG9999999;GB07
GB;RH;RH9999999;GB07
GB;RH;RH9999999;GB92
GB;RH;RH9999999;GB07
GB;RM;RM9999999;GB07
GB;RM;RM9999999;GB92
GB;RM;RM9999999;GB07
GB;S;S9999999;GB91
GB;S;S99999999;GB08
GB;S;S99999999;GB08
GB;SA;SA9999999;GB07
GB;SA;SA9999999;GB91
GB;SA;SA9999999;GB07
GB;SE;SE9999999;GB07
GB;SE;SE9999999;GB92
GB;SE;SE9999999;GB07
GB;SG;SG9999999;GB07
GB;SG;SG9999999;GB92
GB;SG;SG9999999;GB07
GB;SK;SK9999999;GB08
GB;SK;SK9999999;GB91
GB;SK;SK9999999;GB08
GB;SL;SL9999999;GB07
GB;SL;SL9999999;GB92
GB;SL;SL9999999;GB07
GB;SM;SM9999999;GB07
GB;SM;SM9999999;GB92
GB;SM;SM9999999;GB07
GB;SN;SN9999999;GB07
GB;SN;SN9999999;GB91
GB;SN;SN9999999;GB07
GB;SO;SO9999999;GB07
GB;SO;SO9999999;GB92
GB;SO;SO9999999;GB07
GB;SP;SP9999999;GB07
GB;SP;SP9999999;GB91
GB;SP;SP9999999;GB07
GB;SR;SR9999999;GB08
GB;SR;SR9999999;GB91
GB;SR;SR9999999;GB08
GB;SS;SS9999999;GB07
GB;SS;SS9999999;GB92
GB;SS;SS9999999;GB07
GB;ST;ST9999999;GB08
GB;ST;ST9999999;GB91
GB;ST;ST9999999;GB08
GB;SW;SW9999999;GB07
GB;SW;SW9999999;GB92
GB;SW;SW9999999;GB07
GB;SY;SY9999999;GB08
GB;SY;SY9999999;GB91
GB;SY;SY9999999;GB08
GB;S0000000;S9999999;GB91
GB;S1;S99999999;GB08
GB;S1;S99999999;GB08
GB;TA;TA9999999;GB07
GB;TA;TA9999999;GB91
GB;TA;TA9999999;GB07
GB;TD;TD9999999;GB08
GB;TD;TD9999999;GB91
GB;TD;TD9999999;GB08
GB;TF;TF9999999;GB08
GB;TF;TF9999999;GB91
GB;TF;TF9999999;GB08
GB;TN;TN9999999;GB07
GB;TN;TN9999999;GB92
GB;TN;TN9999999;GB07
GB;TQ;TQ9999999;GB07
GB;TQ;TQ9999999;GB91
GB;TQ;TQ9999999;GB07
GB;TR;TR9999999;GB07
GB;TR;TR9999999;GB91
GB;TR;TR9999999;GB07
GB;TS;TS9999999;GB08
GB;TS;TS9999999;GB91
GB;TS;TS9999999;GB08
GB;TW;TW9999999;GB07
GB;TW;TW9999999;GB92
GB;TW;TW9999999;GB07
GB;UB;UB9999999;GB07
GB;UB;UB9999999;GB92
GB;UB;UB9999999;GB07
GB;W;W 9999999;GB92
GB;W;W99999999;GB07
GB;W;W99999999;GB07
GB;WA;WA9999999;GB08
GB;WA;WA9999999;GB91
GB;WA;WA9999999;GB08
GB;WC;WC9999999;GB07
GB;WC;WC9999999;GB92
GB;WC;WC9999999;GB07
GB;WD;WD9999999;GB07
GB;WD;WD9999999;GB92
GB;WD;WD9999999;GB07
GB;WF;WF9999999;GB08
GB;WF;WF9999999;GB91
GB;WF;WF9999999;GB08
GB;WN;WN9999999;GB08
GB;WN;WN9999999;GB91
GB;WN;WN9999999;GB08
GB;WR;WR9999999;GB08
GB;WR;WR9999999;GB91
GB;WR;WR9999999;GB08
GB;WS;WS9999999;GB08
GB;WS;WS9999999;GB91
GB;WS;WS9999999;GB08
GB;WV;WV9999999;GB08
GB;WV;WV9999999;GB91
GB;WV;WV9999999;GB08
GB;W1;W19999999;GB07
GB;W1;W19999999;GB92
GB;W2;W29999999;GB07
GB;W2;W29999999;GB92
GB;W3;W39999999;GB07
GB;W3;W39999999;GB92
GB;W4;W49999999;GB07
GB;W4;W49999999;GB92
GB;W5;W59999999;GB07
GB;W5;W59999999;GB92
GB;W6;W69999999;GB07
GB;W6;W69999999;GB92
GB;W7;W79999999;GB07
GB;W7;W79999999;GB92
GB;W8;W89999999;GB07
GB;W8;W89999999;GB92
GB;W9;W99999999;GB07
GB;W9;W99999999;GB92
GB;YO;YO9999999;GB08
GB;YO;YO9999999;GB91
GB;YO;YO9999999;GB08
GB;ZE;ZE9999999;GB08
GB;ZE;ZE9999999;GB91
GB;ZE;ZE9999999;GB08
GR;000 01;369 99;GR01
GR;000 01;369 99;GR91
GR;000 01;369 99;GR01
GR;370 00;419 99;GR02
GR;370 00;419 99;GR92
GR;370 00;419 99;GR02
GR;420 00;499 99;GR01
GR;420 00;499 99;GR91
GR;420 00;499 99;GR01
GR;500 00;699 99;GR02
GR;500 00;699 99;GR92
GR;500 00;699 99;GR02
GR;700 00;859 99;GR01
GR;700 00;859 99;GR91
GR;700 00;859 99;GR01
HR;A;999999;HR01
HR;A;999999;AT02
HR;A;999999;HR91
HU;A;999999;HU01
HU;A;999999;HU01
HU;A;999999;HU91
IE;A;999999;IE01
IE;A;999999;IE01
IE;A;999999;IE91
IR;A;999999;IR99
IT;0000A;99999;IT60
IT;0000A;99999;IT60
IT;0000A;99999;IT91
KG;A;999999;KG99
KZ;00000A;999999;KZ99
LI;A;999999999;CH01
LI;A;999999999;CH01
LT;A;999999;LT01
LT;A;999999;LT01
LT;A;999999;LT91
LU;000A;9999;LU01
LU;000A;9999;LU01
LU;000A;9999;LU91
LV;A;999999;LV01
LV;A;999999;LV01
LV;A;999999;LV91
MC;A;999999999;FR02
MC;A;999999999;FR02
ME;A;999999999;RS01
ME;A;999999999;RS01
MK;A;999999;MK01
MK;A;999999;MK01
MK;A;999999;MK91
MT;A;999999999;MT99
NL;000A;9999 9999;NL91
NL;0000;6499 9999;NL01
NL;0000;6499 9999;NL01
NL;6500;6699 9999;NL01
NL;6500;6699 9999;NL01
NL;6700;6799 9999;NL01
NL;6700;6799 9999;NL01
NL;6800;7699 9999;NL01
NL;6800;7699 9999;NL01
NL;7700;9999 9999;NL01
NL;7700;9999 9999;NL01
NO;A;999999;NO01
NO;A;999999;NO01
NO;A;999999;NO91
PL;00-000;14-399;PL01
PL;00-000;14-399;PL91
PL;00-000;14-399;PL03
PL;14-400;14-599;PL03
PL;14-400;14-599;PL93
PL;14-400;14-599;PL03
PL;14-600;24-999;PL01
PL;14-600;24-999;PL91
PL;14-600;24-999;PL03
PL;25-000;26-299;PL02
PL;25-000;26-299;PL92
PL;25-000;26-299;PL03
PL;26-300;27-199;PL01
PL;26-300;27-199;PL91
PL;26-300;27-199;PL03
PL;27-200;27-299;PL02
PL;27-200;27-299;PL92
PL;27-200;27-299;PL03
PL;27-300;27-399;PL01
PL;27-300;27-399;PL91
PL;27-300;27-399;PL03
PL;27-400;46-099;PL02
PL;27-400;46-099;PL92
PL;27-400;46-099;PL03
PL;46-100;46-199;PL04
PL;46-100;46-199;PL94
PL;46-100;46-199;PL03
PL;46-200;48-399;PL02
PL;46-200;48-399;PL92
PL;46-200;48-399;PL03
PL;49-000;59-999;PL04
PL;49-000;59-999;PL94
PL;49-000;59-999;PL03
PL;60-000;63-499;PL03
PL;60-000;63-499;PL93
PL;60-000;63-499;PL03
PL;63-500;63-699;PL04
PL;63-500;63-699;PL94
PL;63-500;63-699;PL03
PL;63-700;87-299;PL03
PL;63-700;87-299;PL93
PL;63-700;87-299;PL03
PL;87-300;87-399;PL01
PL;87-300;87-399;PL91
PL;87-300;87-399;PL03
PL;87-400;87-499;PL03
PL;87-400;87-499;PL93
PL;87-400;87-499;PL03
PL;87-500;87-899;PL01
PL;87-500;87-899;PL91
PL;87-500;87-899;PL03
PL;88-000;89-999;PL03
PL;88-000;89-999;PL93
PL;88-000;89-999;PL03
PL;90-000;97-499;PL01
PL;90-000;97-499;PL91
PL;90-000;97-499;PL03
PL;97-500;97-599;PL02
PL;97-500;97-599;PL92
PL;97-500;97-599;PL03
PL;97-600;98-299;PL01
PL;97-600;98-299;PL91
PL;97-600;98-299;PL03
PL;98-300;98-399;PL02
PL;98-300;98-399;PL92
PL;98-300;98-399;PL03
PL;98-400;98-499;PL04
PL;98-400;98-499;PL94
PL;98-400;98-499;PL03
PL;98-500;99-499;PL01
PL;98-500;99-499;PL91
PL;98-500;99-499;PL03
PT;1000;299999999;PT02
PT;1000;299999999;PT02
PT;1000;299999999;PT92
PT;3000;699999999;PT01
PT;3000;699999999;PT01
PT;3000;699999999;PT91
PT;7000;999999999;PT02
PT;7000;999999999;PT02
PT;7000;999999999;PT92
RO;010000;249999;RO01
RO;010000;249999;RO91
RO;010000;249999;AT02
RO;300000;459999;RO02
RO;300000;459999;RO92
RO;300000;459999;AT02
RO;500000;509999;RO01
RO;500000;509999;RO91
RO;500000;509999;AT02
RO;510000;519999;RO02
RO;510000;519999;RO92
RO;510000;519999;AT02
RO;520000;539999;RO01
RO;520000;539999;RO91
RO;520000;539999;AT02
RO;540000;559999;RO02
RO;540000;559999;RO92
RO;540000;559999;AT02
RO;600000;929999;RO01
RO;600000;929999;RO91
RO;600000;929999;AT02
RS;A;999999;RS01
RS;A;999999;RS01
RS;A;999999;RS91
RU;00000A;999999;RU99
SE;A;999999;SE02
SE;A;999999;SE02
SE;A;999999;SE92
SI;A;999999;SI01
SI;A;999999;AT02
SI;A;999999;SI91
SK;A;999999;SK01
SK;A;999999;AT02
SK;A;999999;SK91
SM;A;999999999;IT60
SM;A;999999999;IT60
TM;A;999999;TM99
TR;A;999999;TR01
TR;A;999999;TR01
TR;A;999999;TR91
UA;A;999999;UA99
UZ;A;999999;UZ99
VA;A;999999999;IT60
VA;A;999999999;IT60
DE;19246;19246;N662
DE;19258;19258;N663
DE;20095;20099;N410
DE;20144;20250;N544
DE;20251;20251;N544
DE;20252;20353;N544
DE;20354;20354;N410
DE;20355;20359;N410
DE;20457;20457;N410
DE;20459;20459;N410
DE;20535;20535;N435
DE;20537;20537;N792
DE;20539;20539;N795
DE;21029;21033;N796
DE;21035;21035;N794
DE;21037;21037;N734
DE;21039;21039;N734
DE;21073;21073;N615
DE;21074;21074;N614
DE;21075;21075;N614
DE;21076;21076;N614
DE;21077;21077;N615
DE;21079;21079;N615
DE;21107;21107;N716
DE;21109;21109;N721
DE;21110;21128;N718
DE;21129;21129;N718
DE;21147;21147;N614
DE;21148;21148;N613
DE;21149;21149;N614
DE;21150;21216;N613
DE;21217;21217;N031
DE;21218;21223;N031
DE;21224;21224;N587
DE;21225;21243;N587
DE;21244;21244;N587
DE;21245;21254;N587
DE;21255;21255;N587
DE;21256;21256;N587
DE;21257;21258;N587
DE;21259;21259;N587
DE;21260;21260;N587
DE;21261;21261;N587
DE;21262;21270;N587
DE;21271;21272;N031
DE;21273;21278;N587
DE;21279;21279;N732
DE;21335;21335;N032
DE;21337;21337;N034
DE;21339;21339;N033
DE;21354;21356;N034
DE;21357;21357;N033
DE;21358;21364;N034
DE;21365;21365;N033
DE;21366;21367;N034
DE;21368;21371;N034
DE;21376;21378;N032
DE;21379;21379;N033
DE;21380;21380;N032
DE;21382;21382;N033
DE;21383;21385;N032
DE;21386;21386;N032
DE;21388;21394;N032
DE;21395;21395;N033
DE;21397;21400;N034
DE;21401;21401;N034
DE;21403;21409;N032
DE;21423;21423;N036
DE;21435;21435;N036
DE;21436;21436;N033
DE;21438;21439;N031
DE;21441;21441;N031
DE;21442;21442;N031
DE;21444;21444;N032
DE;21445;21445;N031
DE;21447;21447;N033
DE;21448;21449;N035
DE;21465;21465;N661
DE;21481;21481;N663
DE;21483;21483;N663
DE;21493;21493;N662
DE;21502;21502;N663
DE;21509;21509;N661
DE;21514;21515;N662
DE;21516;21516;N662
DE;21521;21521;N661
DE;21522;21522;N032
DE;21524;21524;N662
DE;21526;21527;N663
DE;21529;21529;N661
DE;21614;21628;N720
DE;21629;21629;N616
DE;21630;21634;N732
DE;21635;21635;N720
DE;21636;21639;N732
DE;21640;21640;N730
DE;21641;21642;N732
DE;21643;21643;N732
DE;21644;21645;N732
DE;21646;21646;N732
DE;21647;21649;N732
DE;21680;21681;N730
DE;21682;21682;N731
DE;21683;21683;N733
DE;21684;21684;N731
DE;21685;21697;N731
DE;21698;21701;N730
DE;21702;21705;N732
DE;21706;21708;N733
DE;21709;21709;N731
DE;21710;21711;N733
DE;21712;21716;N731
DE;21717;21719;N730
DE;21720;21725;N733
DE;21726;21728;N731
DE;21729;21738;N733
DE;21739;21744;N730
DE;21745;21755;N731
DE;21756;21756;N731
DE;21787;21787;N731
DE;22039;22039;N523
DE;22041;22043;N523
DE;22045;22045;N523
DE;22047;22047;N432
DE;22049;22049;N523
DE;22081;22081;N435
DE;22083;22089;N435
DE;22111;22111;N558
DE;22113;22113;N793
DE;22115;22115;N558
DE;22117;22117;N558
DE;22119;22119;N558
DE;22143;22143;N433
DE;22145;22145;N433
DE;22147;22149;N433
DE;22159;22159;N432
DE;22175;22179;N432
DE;22297;22299;N832
DE;22301;22303;N832
DE;22305;22305;N832
DE;22306;22306;N761
DE;22307;22307;N832
DE;22308;22308;N761
DE;22309;22309;N832
DE;22310;22330;N761
DE;22331;22334;N758
DE;22335;22335;N516
DE;22337;22339;N833
DE;22359;22397;N834
DE;22399;22399;N834
DE;22415;22419;N833
DE;22453;22453;N831
DE;22455;22455;N831
DE;22457;22457;N819
DE;22459;22459;N831
DE;22523;22525;N409
DE;22527;22528;N409
DE;22529;22529;N830
DE;22547;22547;N409
DE;22549;22549;N741
DE;22559;22559;N741
DE;22587;22587;N741
DE;22589;22589;N741
DE;22605;22609;N741
DE;22761;22769;N772
DE;22844;22846;N812
DE;22848;22850;N817
DE;22851;22851;N822
DE;22869;22880;N768
DE;22885;22885;N509
DE;22889;22889;N822
DE;22890;22927;N524
DE;22929;22929;N660
DE;22941;22941;N586
DE;22946;22946;N660
DE;22949;22949;N586
DE;22952;22952;N660
DE;22955;22955;N524
DE;22956;22959;N660
DE;22961;22967;N524
DE;22969;22969;N660
DE;23538;23538;N806
DE;23552;23554;N809
DE;23556;23557;N805
DE;23558;23558;N808
DE;23560;23560;N805
DE;23562;23567;N806
DE;23564;23566;N810
DE;23568;23568;N806
DE;23569;23569;N806
DE;23570;23570;N806
DE;23571;23610;N807
DE;23611;23611;N810
DE;23612;23616;N807
DE;23617;23617;N810
DE;23619;23619;N807
DE;23627;23628;N807
DE;23816;23816;N586
DE;23840;23843;N591
DE;23844;23844;N807
DE;23845;23845;N591
DE;23846;23846;N807
DE;23847;23847;N591
DE;23848;23857;N807
DE;23858;23858;N806
DE;23859;23862;N807
DE;23863;23863;N586
DE;23864;23865;N586
DE;23866;23867;N586
DE;23868;23868;N660
DE;23869;23869;N586
DE;23870;23919;N660
DE;24558;24558;N823
DE;24559;24568;N820
DE;24629;24629;N823
DE;24632;24632;N820
DE;24641;24641;N586
DE;24643;24643;N819
DE;25336;25336;N818
DE;25335;25335;N813
DE;25336;25336;N813
DE;25337;25347;N815
DE;25348;25354;N813
DE;25355;25357;N815
DE;25358;25360;N813
DE;25361;25363;N813
DE;25364;25364;N815
DE;25365;25367;N815
DE;25368;25370;N813
DE;25371;25375;N818
DE;25376;25420;N813
DE;25421;25421;N816
DE;25422;25435;N815
DE;25436;25436;N818
DE;25437;25450;N815
DE;25451;25451;N814
DE;25462;25462;N819
DE;25469;25469;N819
DE;25474;25474;N814
DE;25475;25478;N820
DE;25479;25479;N814
DE;25482;25482;N816
DE;25485;25485;N814
DE;25486;25486;N823
DE;25488;25488;N768
DE;25489;25489;N818
DE;25490;25491;N768
DE;25492;25492;N818
DE;25494;25494;N816
DE;25495;25495;N816
DE;25496;25496;N812
DE;25497;25497;N816
DE;25498;25499;N816
DE;27389;27389;N732
DE;27419;27419;N732
DE;27449;27449;N730
